name,mail,code,,,,key,value
日本語,テスト,001_1_01,,,,男性,1
key2,value2,002_1_02,,,,女性,2
key3,value3,003_1_03,,,,その他,3
key4,value4,004_1_04,,,,,
key5,value5,005_1_05,,,,,
key6,value6,006_1_06,,,,,
key7,value7,007_1_07,,,,,
key8,value8,008_1_08,,,,,
key9,value9,009_1_09,,,,,
key10,value10,010_1_10,,,,,
key11,value11,011_1_11,,,,,
key12,value12,012_1_12,,,,,
key13,value13,013_1_13,,,,,
key14,value14,014_1_14,,,,,
key15,value15,015_1_15,,,,,
key16,value16,016_1_16
key17,value17,017_1_17
key18,value18,018_1_18
key19,value19,019_1_19
key20,value20,020_1_20
key21,value21,021_1_21
key22,value22,022_1_22
key23,value23,023_1_23
key24,value24,024_1_24
key25,value25,025_1_25
key26,value26,026_1_26
key27,value27,027_1_27
key28,value28,028_1_28
key29,value29,029_1_29
key30,value30,030_1_30
key31,value31,031_1_31
key32,value32,032_1_32
key33,value33,033_1_33
key34,value34,034_1_34
key35,value35,035_1_35
key36,value36,036_1_36
key37,value37,037_1_37
key38,value38,038_1_38
key39,value39,039_1_39
key40,value40,040_1_40
key41,value41,041_1_41
key42,value42,042_1_42
key43,value43,043_1_43
key44,value44,044_1_44
key45,value45,045_1_45
key46,value46,046_1_46
key47,value47,047_1_47
key48,value48,048_1_48
key49,value49,049_1_49
key50,value50,050_1_50
key51,value51,051_2_01
key52,value52,052_2_02
key53,value53,053_2_03
key54,value54,054_2_04
key55,value55,055_2_05
key56,value56,056_2_06
key57,value57,057_2_07
key58,value58,058_2_08
key59,value59,059_2_09
key60,value60,060_2_10
key61,value61,061_2_11
key62,value62,062_2_12
key63,value63,063_2_13
key64,value64,064_2_14
key65,value65,065_2_15
key66,value66,066_2_16
key67,value67,067_2_17
key68,value68,068_2_18
key69,value69,069_2_19
key70,value70,070_2_20
key71,value71,071_2_21
key72,value72,072_2_22
key73,value73,073_2_23
key74,value74,074_2_24
key75,value75,075_2_25
key76,value76,076_2_26
key77,value77,077_2_27
key78,value78,078_2_28
key79,value79,079_2_29
key80,value80,080_2_30
key81,value81,081_2_31
key82,value82,082_2_32
key83,value83,083_2_33
key84,value84,084_2_34
key85,value85,085_2_35
key86,value86,086_2_36
key87,value87,087_2_37
key88,value88,088_2_38
key89,value89,089_2_39
key90,value90,090_2_40
key91,value91,091_2_41
key92,value92,092_2_42
key93,value93,093_2_43
key94,value94,094_2_44
key95,value95,095_2_45
key96,value96,096_2_46
key97,value97,097_2_47
key98,value98,098_2_48
key99,value99,099_2_49
key100,value100,100_2_50
