0001  -0-0000,表題,提出方法,件数,郵送,メール,ＦＡＸ,無回答,
0001  -0-0000,0,合計,3181,2579,563,39,0,
0001  -0-0000,0,,100.0,81.1,17.7,1.2,0,
 
0002  -0-0000,表題,Ｆ１　性別,件数,男性,女性,（無回答）,無回答,
0002  -0-0000,0,合計,3181,2580,565,12,24,
0002  -0-0000,0,,100.0,81.1,17.8,0.4,0.8,
 
0003  -0-0000,表題,Ｆ２　年齢,件数,２４歳以下,２５～２９歳,３０～３４歳,３５～３９歳,４０～４４歳,４５～４９歳,５０～５４歳,５５～５９歳,６０～６４歳,６５～６９歳,７０～７４歳,７５～７９歳,８０歳以上,無回答,
0003  -0-0000,0,合計,3181,3,39,136,301,418,409,292,233,268,360,338,203,160,21,
0003  -0-0000,0,,100.0,0.1,1.2,4.3,9.5,13.1,12.9,9.2,7.3,8.4,11.3,10.6,6.4,5.0,0.7,
 
0004  -0-0000,表題,Ｆ２　年齢,件数,２９歳以下,３０歳台,４０歳台,５０歳台,６０歳台,７０歳台,８０歳以上,無回答,
0004  -0-0000,0,合計,3181,42,437,827,525,628,541,160,21,
0004  -0-0000,0,,100.0,1.3,13.7,26.0,16.5,19.7,17.0,5.0,0.7,
 
0005  -0-0000,表題,Ｆ３　司法書士登録年数（業務歴）,件数,登録時から５年未満,５～１０年未満,１０～１５年未満,１５～２０年未満,２０～２５年未満,２５～３０年未満,３０～３５年未満,３５年以上,無回答,
0005  -0-0000,0,合計,3181,559,558,563,342,211,183,192,545,28,
0005  -0-0000,0,,100.0,17.6,17.5,17.7,10.8,6.6,5.8,6.0,17.1,0.9,
 
0006  -0-0000,表題,Ｆ４　簡裁代理権認定,件数,有,無,無回答,
0006  -0-0000,0,合計,3181,2354,809,18,
0006  -0-0000,0,,100.0,74.0,25.4,0.6,
 
0007  -0-0000,表題,Ｆ６　配偶者の有無,件数,有,無,（無回答）,無回答,
0007  -0-0000,0,合計,3181,2377,739,42,23,
0007  -0-0000,0,,100.0,74.7,23.2,1.3,0.7,
 
0008  -0-0000,表題,Ｆ７　子どもの有無,件数,有,無,（無回答）,無回答,
0008  -0-0000,0,合計,3181,2173,935,49,24,
0008  -0-0000,0,,100.0,68.3,29.4,1.5,0.8,
 
0009  -0-0000,表題,Ｆ７－ＳＱ１　子どもの人数（人）,件数,１人,２人,３人,４人,５人以上,無回答,平均,最小値,最大値,実数合計,
0009  -0-0000,集計条件,Ｆ７子どもの有無…有,
0009  -0-0000,0,合計,2173,532,1093,461,62,12,13,2.0,1,12,4417,
0009  -0-0000,0,,100.0,24.5,50.3,21.2,2.9,0.6,0.6,2.0,1,12,100.0,
 
0010  -0-0000,表題,Ｆ７－ＳＱ２　子どもの人数／うち未成年者（人）,件数,１人,２人,３人,４人,５人以上,無回答,平均,最小値,最大値,実数合計,
0010  -0-0000,集計条件,Ｆ７子どもの有無…有,
0010  -0-0000,0,合計,2173,341,375,97,8,2,1350,1.7,1,6,1425,
0010  -0-0000,0,,100.0,15.7,17.3,4.5,0.4,0.1,62.1,1.7,1,6,100.0,
 
0011  -0-0000,表題,Ｆ８　扶養家族の中に日常的な介護を必要とする方の有無,件数,有,無,（無回答）,無回答,
0011  -0-0000,0,合計,3181,212,2897,49,23,
0011  -0-0000,0,,100.0,6.7,91.1,1.5,0.7,
 
0012  -0-0000,表題,Ｆ８－ＳＱ　扶養家族の中に日常的な介護を必要とする方の人数（人）　　　　　　　　　　　　　　　　　　　　　　,件数,１人,２人,３人,４人,５人以上,無回答,平均,最小値,最大値,実数合計,
0012  -0-0000,集計条件,Ｆ８扶養家族の中に日常的な介護を必要とする方の有無…有,
0012  -0-0000,0,合計,212,182,21,4,0,1,4,1.2,1,8,244,
0012  -0-0000,0,,100.0,85.8,9.9,1.9,0,0.5,1.9,1.2,1,8,100.0,
 
0013  -0-0000,表題,問１　経営者司法書士について,件数,経営者司法書士,経営者司法書士ではない,無回答,
0013  -0-0000,0,合計,3181,2557,624,0,
0013  -0-0000,0,,100.0,80.4,19.6,0,
 
0014  -0-0000,表題,問２　事務所の中での地位,件数,事務所内のただ一人の経営者司法書士,複数の司法書士がいる中でただ一人の経営者司法書士,複数の経営者司法書士がいる中での経営者司法書士,事務所内独立採算の経営者司法書士,その他,一人法人,代表権のある社員司法書士,代表権のない社員司法書士,無回答,
0014  -0-0000,集計条件,問１経営者司法書士について…経営者司法書士,
0014  -0-0000,0,合計,2557,2046,226,43,132,9,7,74,13,7,
0014  -0-0000,0,,100.0,80.0,8.8,1.7,5.2,0.4,0.3,2.9,0.5,0.3,
 
0015  -0-0000,表題,問３　事務所内の司法書士総人数（司法書士の所属人数）,件数,１人,２人,３人,４人,５人以上,無回答,平均,最小値,最大値,実数合計,
0015  -0-0000,集計条件,問１経営者司法書士について…経営者司法書士,
0015  -0-0000,0,合計,2557,1858,312,104,23,41,219,1.4,1,47,3234,
0015  -0-0000,0,,100.0,72.7,12.2,4.1,0.9,1.6,8.6,1.4,1,47,100.0,
 
0016  -0-0000,表題,問４　事務所内の補助者総人数（人）,件数,１人,２人,３人,４人,５人以上,無回答,平均,最小値,最大値,実数合計,
0016  -0-0000,集計条件,問１経営者司法書士について…経営者司法書士,
0016  -0-0000,0,合計,2557,800,439,229,78,109,902,2.1,1,40,3537,
0016  -0-0000,0,,100.0,31.3,17.2,9.0,3.1,4.3,35.3,2.1,1,40,100.0,
 
0017  -0-0000,表題,問４　事務所内の専従者給与対象者数（人）,件数,１人,２人,３人,４人,５人以上,無回答,平均,最小値,最大値,実数合計,
0017  -0-0000,集計条件,問１経営者司法書士について…経営者司法書士,
0017  -0-0000,0,合計,2557,821,114,30,10,20,1562,1.3,1,25,1329,
0017  -0-0000,0,,100.0,32.1,4.5,1.2,0.4,0.8,61.1,1.3,1,25,100.0,
 
0018  -0-0000,表題,問５①　事務所内の資格（人）／弁護士,件数,１人,２人,３人,４人,５人以上,無回答,平均,最小値,最大値,実数合計,
0018  -0-0000,集計条件,問１経営者司法書士について…経営者司法書士,
0018  -0-0000,0,合計,2557,11,6,4,1,4,2531,3.0,1,20,79,
0018  -0-0000,0,,100.0,0.4,0.2,0.2,0.0,0.2,99.0,3.0,1,20,100.0,
 
0019  -0-0000,表題,問５②　事務所内の資格（人）／土地家屋調査士,件数,１人,２人,３人,４人,５人以上,無回答,平均,最小値,最大値,実数合計,
0019  -0-0000,集計条件,問１経営者司法書士について…経営者司法書士,
0019  -0-0000,0,合計,2557,123,19,5,1,4,2405,1.3,1,9,204,
0019  -0-0000,0,,100.0,4.8,0.7,0.2,0.0,0.2,94.1,1.3,1,9,100.0,
 
0020  -0-0000,表題,問５③　事務所内の資格（人）／行政書士,件数,１人,２人,３人,４人,５人以上,無回答,平均,最小値,最大値,実数合計,
0020  -0-0000,集計条件,問１経営者司法書士について…経営者司法書士,
0020  -0-0000,0,合計,2557,192,26,5,3,1,2330,1.2,1,5,276,
0020  -0-0000,0,,100.0,7.5,1.0,0.2,0.1,0.0,91.1,1.2,1,5,100.0,
 
0021  -0-0000,表題,問５④　事務所内の資格（人）／税理士,件数,１人,２人,３人,４人,５人以上,無回答,平均,最小値,最大値,実数合計,
0021  -0-0000,集計条件,問１経営者司法書士について…経営者司法書士,
0021  -0-0000,0,合計,2557,13,3,0,1,2,2538,2.8,1,25,53,
0021  -0-0000,0,,100.0,0.5,0.1,0,0.0,0.1,99.3,2.8,1,25,100.0,
 
0022  -0-0000,表題,問５⑤　事務所内の資格（人）／公認会計士,件数,１人,２人,３人,４人,５人以上,無回答,平均,最小値,最大値,実数合計,
0022  -0-0000,集計条件,問１経営者司法書士について…経営者司法書士,
0022  -0-0000,0,合計,2557,4,0,0,1,0,2552,1.6,1,4,8,
0022  -0-0000,0,,100.0,0.2,0,0,0.0,0,99.8,1.6,1,4,100.0,
 
0023  -0-0000,表題,問５⑥　事務所内の資格（人）／社会保険労務士,件数,１人,２人,３人,４人,５人以上,無回答,平均,最小値,最大値,実数合計,
0023  -0-0000,集計条件,問１経営者司法書士について…経営者司法書士,
0023  -0-0000,0,合計,2557,22,2,0,1,1,2531,1.5,1,9,39,
0023  -0-0000,0,,100.0,0.9,0.1,0,0.0,0.0,99.0,1.5,1,9,100.0,
 
0024  -0-0000,表題,問５⑦　事務所内の資格（人）／不動産鑑定士,件数,１人,２人,３人,４人,５人以上,無回答,平均,最小値,最大値,実数合計,
0024  -0-0000,集計条件,問１経営者司法書士について…経営者司法書士,
0024  -0-0000,0,合計,2557,5,0,0,0,0,2552,1.0,1,1,5,
0024  -0-0000,0,,100.0,0.2,0,0,0,0,99.8,1.0,1,1,100.0,
 
0025  -0-0000,表題,問５⑧　事務所内の資格（人）／弁理士,件数,１人,２人,３人,４人,５人以上,無回答,平均,最小値,最大値,実数合計,
0025  -0-0000,集計条件,問１経営者司法書士について…経営者司法書士,
0025  -0-0000,0,合計,2557,2,1,0,0,0,2554,1.3,1,2,4,
0025  -0-0000,0,,100.0,0.1,0.0,0,0,0,99.9,1.3,1,2,100.0,
 
0026  -0-0000,表題,問５⑨　事務所内の資格（人）／その他,件数,１人,２人,３人,４人,５人以上,無回答,平均,最小値,最大値,実数合計,
0026  -0-0000,集計条件,問１経営者司法書士について…経営者司法書士,
0026  -0-0000,0,合計,2557,23,0,2,0,1,2531,1.3,1,6,35,
0026  -0-0000,0,,100.0,0.9,0,0.1,0,0.0,99.0,1.3,1,6,100.0,
 
0027  -0-0000,表題,問６　事務所と居宅について,件数,事務所が居宅内にある,事務所は居宅と別である,無回答,
0027  -0-0000,集計条件,問１経営者司法書士について…経営者司法書士,
0027  -0-0000,0,合計,2557,717,1811,29,
0027  -0-0000,0,,100.0,28.0,70.8,1.1,
 
0028  -0-0000,表題,問７　事務所の所在地を決めるにあたり最も重要視したこと,件数,法務局の近隣であること,市役所、区役所等の近隣であること,駅の周辺であること,商店街の周辺であること,住宅街の周辺であること,オフィス街の周辺であること,居宅から近距離であること,その他,無回答,
0028  -0-0000,集計条件,問１経営者司法書士について…経営者司法書士,
0028  -0-0000,0,合計,2557,419,233,436,75,89,95,661,513,36,
0028  -0-0000,0,,100.0,16.4,9.1,17.1,2.9,3.5,3.7,25.9,20.1,1.4,
 
0029  -0-0000,表題,問８　自宅から事務所までの通勤時間,件数,３０分未満,３０分～１時間未満,１時間以上,無回答,
0029  -0-0000,集計条件,問１経営者司法書士について…経営者司法書士,
0029  -0-0000,0,合計,2557,2051,373,84,49,
0029  -0-0000,0,,100.0,80.2,14.6,3.3,1.9,
 
0030  -0-0000,表題,問９　事務所の所有者,件数,自分の所有物（共有物）である,自分以外の所属司法書士の所有物（共有物）である,所属司法書士以外の第三者からの使用貸借物件である,その他,無回答,
0030  -0-0000,集計条件,問１経営者司法書士について…経営者司法書士,
0030  -0-0000,0,合計,2557,1051,50,1306,131,19,
0030  -0-0000,0,,100.0,41.1,2.0,51.1,5.1,0.7,
 
0031  -0-0000,表題,問１０　事務所の大きさ／専有部分の面積（㎡）,件数,～２０㎡,～４０㎡,～６０㎡,～８０㎡,～１００㎡,１００㎡超,無回答,平均,最小値,最大値,実数合計,
0031  -0-0000,集計条件,問１経営者司法書士について…経営者司法書士,
0031  -0-0000,0,合計,2557,449,818,547,252,174,163,154,51.8,2,1000,124489,
0031  -0-0000,0,,100.0,17.6,32.0,21.4,9.9,6.8,6.4,6.0,51.8,2,1000,100.0,
 
0032  -0-0000,表題,問１０　事務所の大きさ／部屋数（部屋）,件数,１部屋,２部屋,３部屋,４部屋,５部屋以上,無回答,平均,最小値,最大値,実数合計,
0032  -0-0000,集計条件,問１経営者司法書士について…経営者司法書士,
0032  -0-0000,0,合計,2557,1325,617,311,106,84,114,1.8,1,33,4447,
0032  -0-0000,0,,100.0,51.8,24.1,12.2,4.1,3.3,4.5,1.8,1,33,100.0,
 
0033  -0-0000,表題,問１０　事務所の大きさ／うち相談者のプライバシーを確保できる部屋数（部屋）　　　　　　　　　　　　　　　　　,件数,１部屋,２部屋,３部屋,４部屋,５部屋以上,無回答,平均,最小値,最大値,実数合計,
0033  -0-0000,集計条件,問１経営者司法書士について…経営者司法書士,
0033  -0-0000,0,合計,2557,1336,152,20,10,6,1033,1.2,1,10,1784,
0033  -0-0000,0,,100.0,52.2,5.9,0.8,0.4,0.2,40.4,1.2,1,10,100.0,
 
0034  -0-0000,表題,問１１　事務所の主たる業務〔複数回答可〕,件数,不動産決済業務,相続関係業務,商業登記・法人登記業務,企業法務業務,債務整理業務,成年後見・未成年後見・任意後見等の業務,財産管理・遺産承継等の業務,消費者問題,信託業務,その他,無回答,
0034  -0-0000,集計条件,問１経営者司法書士について…経営者司法書士,
0034  -0-0000,0,合計,2557,1833,2197,1747,222,216,935,476,54,68,87,21,
0034  -0-0000,0,,100.0,71.7,85.9,68.3,8.7,8.4,36.6,18.6,2.1,2.7,3.4,0.8,
 
0035  -0-0000,表題,問１２　今後、事務所が力を入れたいと考えている業務〔複数回答可〕　　　　　　　　　　　　　　　　　　　　　　,件数,不動産決済業務,相続関係業務,商業登記・法人登記業務,企業法務業務,債務整理業務,成年後見・未成年後見・任意後見等の業務,財産管理・遺産承継等の業務,消費者問題,信託業務,その他,無回答,
0035  -0-0000,集計条件,問１経営者司法書士について…経営者司法書士,
0035  -0-0000,0,合計,2557,954,1779,808,324,88,590,957,51,354,134,77,
0035  -0-0000,0,,100.0,37.3,69.6,31.6,12.7,3.4,23.1,37.4,2.0,13.8,5.2,3.0,
 
0036  -0-0000,表題,問１３①　昨年の業務件数（件）／不動産の登記,件数,～５件,～１０件,～５０件,～１００件,～５００件,５０１件以上,無回答,平均,最小値,最大値,実数合計,
0036  -0-0000,集計条件,問１経営者司法書士について…経営者司法書士,
0036  -0-0000,0,合計,2557,75,55,339,316,951,349,472,310.0,1,10000,646283,
0036  -0-0000,0,,100.0,2.9,2.2,13.3,12.4,37.2,13.6,18.5,310.0,1,10000,100.0,
 
0037  -0-0000,表題,問１３②　昨年の業務件数（件）／商業又は法人の登記,件数,～５件,～１０件,～５０件,～１００件,～５００件,５０１件以上,無回答,平均,最小値,最大値,実数合計,
0037  -0-0000,集計条件,問１経営者司法書士について…経営者司法書士,
0037  -0-0000,0,合計,2557,265,215,793,370,293,14,607,60.4,1,2000,117725,
0037  -0-0000,0,,100.0,10.4,8.4,31.0,14.5,11.5,0.5,23.7,60.4,1,2000,100.0,
 
0038  -0-0000,表題,問１３③　昨年の業務件数（件）／債権譲渡・動産譲渡の登記　　　　　　　　　　　　　　　　　　　　　　　　　　,件数,～５件,～１０件,～５０件,～１００件,～５００件,５０１件以上,無回答,平均,最小値,最大値,実数合計,
0038  -0-0000,集計条件,問１経営者司法書士について…経営者司法書士,
0038  -0-0000,0,合計,2557,150,19,18,3,0,0,2367,5.4,1,75,1034,
0038  -0-0000,0,,100.0,5.9,0.7,0.7,0.1,0,0,92.6,5.4,1,75,100.0,
 
0039  -0-0000,表題,問１３④　昨年の業務件数（件）／裁判書類作成関係業務（民事事件）　　　　　　　　　　　　　　　　　　　　　　,件数,～５件,～１０件,～５０件,～１００件,～５００件,５０１件以上,無回答,平均,最小値,最大値,実数合計,
0039  -0-0000,集計条件,問１経営者司法書士について…経営者司法書士,
0039  -0-0000,0,合計,2557,388,53,28,0,0,0,2088,4.0,1,50,1892,
0039  -0-0000,0,,100.0,15.2,2.1,1.1,0,0,0,81.7,4.0,1,50,100.0,
 
0040  -0-0000,表題,問１３⑤　昨年の業務件数（件）／裁判書類作成業務（家事事件）　　　　　　　　　　　　　　　　　　　　　　　　,件数,～５件,～１０件,～５０件,～１００件,～５００件,５０１件以上,無回答,平均,最小値,最大値,実数合計,
0040  -0-0000,集計条件,問１経営者司法書士について…経営者司法書士,
0040  -0-0000,0,合計,2557,688,215,109,1,0,0,1544,5.4,1,56,5483,
0040  -0-0000,0,,100.0,26.9,8.4,4.3,0.0,0,0,60.4,5.4,1,56,100.0,
 
0041  -0-0000,表題,問１３⑥　昨年の業務件数（件）／簡裁訴訟代理業務・裁判外和解手続業務　　　　　　　　　　　　　　　　　　　　,件数,～５件,～１０件,～５０件,～１００件,～５００件,５０１件以上,無回答,平均,最小値,最大値,実数合計,
0041  -0-0000,集計条件,問１経営者司法書士について…経営者司法書士,
0041  -0-0000,0,合計,2557,333,44,45,6,3,1,2125,9.4,1,1092,4076,
0041  -0-0000,0,,100.0,13.0,1.7,1.8,0.2,0.1,0.0,83.1,9.4,1,1092,100.0,
 
0042  -0-0000,表題,問１３⑦　昨年の業務件数（件）／成年後見・未成年後見・任意後見等の業務　　　　　　　　　　　　　　　　　　　,件数,～５件,～１０件,～５０件,～１００件,～５００件,５０１件以上,無回答,平均,最小値,最大値,実数合計,
0042  -0-0000,集計条件,問１経営者司法書士について…経営者司法書士,
0042  -0-0000,0,合計,2557,480,186,263,5,0,0,1623,8.6,1,82,8075,
0042  -0-0000,0,,100.0,18.8,7.3,10.3,0.2,0,0,63.5,8.6,1,82,100.0,
 
0043  -0-0000,表題,問１３⑧　昨年の業務件数（件）／財産管理・遺産承継・信託等の業務　　　　　　　　　　　　　　　　　　　　　　,件数,～５件,～１０件,～５０件,～１００件,～５００件,５０１件以上,無回答,平均,最小値,最大値,実数合計,
0043  -0-0000,集計条件,問１経営者司法書士について…経営者司法書士,
0043  -0-0000,0,合計,2557,558,55,30,1,0,0,1913,3.5,1,60,2274,
0043  -0-0000,0,,100.0,21.8,2.2,1.2,0.0,0,0,74.8,3.5,1,60,100.0,
 
0044  -0-0000,表題,問１３⑨　昨年の業務件数（件）／継続的相談・個別的相談,件数,～５件,～１０件,～５０件,～１００件,～５００件,５０１件以上,無回答,平均,最小値,最大値,実数合計,
0044  -0-0000,集計条件,問１経営者司法書士について…経営者司法書士,
0044  -0-0000,0,合計,2557,374,142,201,30,11,1,1798,14.5,1,544,10990,
0044  -0-0000,0,,100.0,14.6,5.6,7.9,1.2,0.4,0.0,70.3,14.5,1,544,100.0,
 
0045  -0-0000,表題,問１３⑩　昨年の業務件数（件）／その他の業務,件数,～５件,～１０件,～５０件,～１００件,～５００件,５０１件以上,無回答,平均,最小値,最大値,実数合計,
0045  -0-0000,集計条件,問１経営者司法書士について…経営者司法書士,
0045  -0-0000,0,合計,2557,354,86,102,5,3,3,2004,11.8,1,789,6499,
0045  -0-0000,0,,100.0,13.8,3.4,4.0,0.2,0.1,0.1,78.4,11.8,1,789,100.0,
 
0046  -0-0000,表題,問１４　昨年における事務所以外の場所での相談の有無,件数,相談に出向いた,出向いていない,無回答,
0046  -0-0000,集計条件,問１経営者司法書士について…経営者司法書士,
0046  -0-0000,0,合計,2557,1686,790,81,
0046  -0-0000,0,,100.0,65.9,30.9,3.2,
 
0047  -0-0000,表題,問１４①　出向先別の回数（回）／個人主催のもの,件数,１回,２回,３回,４回,５回以上,無回答,平均,最小値,最大値,実数合計,
0047  -0-0000,集計条件,問１経営者司法書士について…経営者司法書士,
0047  -0-0000,集計条件,問１４昨年における事務所以外の場所での相談の有無…相談に出向いた,
0047  -0-0000,0,合計,1686,37,34,34,8,120,1453,9.3,1,100,2166,
0047  -0-0000,0,,100.0,2.2,2.0,2.0,0.5,7.1,86.2,9.3,1,100,100.0,
 
0048  -0-0000,表題,問１４②　出向先別の回数（回）／司法書士会主催のもの,件数,１回,２回,３回,４回,５回以上,無回答,平均,最小値,最大値,実数合計,
0048  -0-0000,集計条件,問１経営者司法書士について…経営者司法書士,
0048  -0-0000,集計条件,問１４昨年における事務所以外の場所での相談の有無…相談に出向いた,
0048  -0-0000,0,合計,1686,404,317,165,69,225,506,3.2,1,87,3825,
0048  -0-0000,0,,100.0,24.0,18.8,9.8,4.1,13.3,30.0,3.2,1,87,100.0,
 
0049  -0-0000,表題,問１４③　出向先別の回数（回）／自治体主催のもの,件数,１回,２回,３回,４回,５回以上,無回答,平均,最小値,最大値,実数合計,
0049  -0-0000,集計条件,問１経営者司法書士について…経営者司法書士,
0049  -0-0000,集計条件,問１４昨年における事務所以外の場所での相談の有無…相談に出向いた,
0049  -0-0000,0,合計,1686,293,162,56,31,64,1080,2.4,1,31,1455,
0049  -0-0000,0,,100.0,17.4,9.6,3.3,1.8,3.8,64.1,2.4,1,31,100.0,
 
0050  -0-0000,表題,問１４④　出向先別の回数（回）／法テラス主催のもの,件数,１回,２回,３回,４回,５回以上,無回答,平均,最小値,最大値,実数合計,
0050  -0-0000,集計条件,問１経営者司法書士について…経営者司法書士,
0050  -0-0000,集計条件,問１４昨年における事務所以外の場所での相談の有無…相談に出向いた,
0050  -0-0000,0,合計,1686,34,17,6,5,10,1614,2.6,1,12,189,
0050  -0-0000,0,,100.0,2.0,1.0,0.4,0.3,0.6,95.7,2.6,1,12,100.0,
 
0051  -0-0000,表題,問１４⑤　出向先別の回数（回）／その他の団体や組織主催のもの　　　　　　　　　　　　　　　　　　　　　　　　,件数,１回,２回,３回,４回,５回以上,無回答,平均,最小値,最大値,実数合計,
0051  -0-0000,集計条件,問１経営者司法書士について…経営者司法書士,
0051  -0-0000,集計条件,問１４昨年における事務所以外の場所での相談の有無…相談に出向いた,
0051  -0-0000,0,合計,1686,167,100,43,25,98,1253,4.8,1,365,2086,
0051  -0-0000,0,,100.0,9.9,5.9,2.6,1.5,5.8,74.3,4.8,1,365,100.0,
 
0052  -0-0000,表題,問１５①　確定申告決算書の金額（千円）／売上（収入）金額　　　　　　　　　　　　　　　　　　　　　　　　　　,件数,～２５０万円,～５００万円,～７５０万円,～１０００万円,～２０００万円,２０００万円超,無回答,平均,最小値,最大値,実数合計,
0052  -0-0000,集計条件,問１経営者司法書士について…経営者司法書士,
0052  -0-0000,0,合計,2557,202,235,209,233,469,507,702,17243.0,1,300000,31985794,
0052  -0-0000,0,,100.0,7.9,9.2,8.2,9.1,18.3,19.8,27.5,17243.0,1,300000,100.0,
 
0053  -0-0000,表題,問１５②　確定申告決算書の金額（千円）／売上原価,件数,～２５０万円,～５００万円,～７５０万円,～１０００万円,～２０００万円,２０００万円超,無回答,平均,最小値,最大値,実数合計,
0053  -0-0000,集計条件,問１経営者司法書士について…経営者司法書士,
0053  -0-0000,0,合計,2557,120,47,13,16,20,33,2308,8670.0,1,82046,2158826,
0053  -0-0000,0,,100.0,4.7,1.8,0.5,0.6,0.8,1.3,90.3,8670.0,1,82046,100.0,
 
0054  -0-0000,表題,問１５③　確定申告決算書の金額（千円）／経費合計,件数,～２５０万円,～５００万円,～７５０万円,～１０００万円,～２０００万円,２０００万円超,無回答,平均,最小値,最大値,実数合計,
0054  -0-0000,集計条件,問１経営者司法書士について…経営者司法書士,
0054  -0-0000,0,合計,2557,447,457,250,176,271,233,723,10345.0,1,250000,18972645,
0054  -0-0000,0,,100.0,17.5,17.9,9.8,6.9,10.6,9.1,28.3,10345.0,1,250000,100.0,
 
0055  -0-0000,表題,問１５④　確定申告決算書の金額（千円）／各種引当金・準備金等合計　　　　　　　　　　　　　　　　　　　　　　,件数,～２５０万円,～５００万円,～７５０万円,～１０００万円,～２０００万円,２０００万円超,無回答,平均,最小値,最大値,実数合計,
0055  -0-0000,集計条件,問１経営者司法書士について…経営者司法書士,
0055  -0-0000,0,合計,2557,250,88,31,10,11,4,2163,2617.8,1,33367,1031400,
0055  -0-0000,0,,100.0,9.8,3.4,1.2,0.4,0.4,0.2,84.6,2617.8,1,33367,100.0,
 
0056  -0-0000,表題,問１５⑤　確定申告決算書の金額（千円）／所得金額（①－②－③－④）　　　　　　　　　　　　　　　　　　　　　,件数,～２５０万円,～５００万円,～７５０万円,～１０００万円,～２０００万円,２０００万円超,無回答,平均,最小値,最大値,実数合計,
0056  -0-0000,集計条件,問１経営者司法書士について…経営者司法書士,
0056  -0-0000,0,合計,2557,439,335,273,187,197,30,1096,5902.5,1,61686,8623569,
0056  -0-0000,0,,100.0,17.2,13.1,10.7,7.3,7.7,1.2,42.9,5902.5,1,61686,100.0,
 
0057  -0-0000,表題,問１５ＳＱ－Ａ　③経費合計の内容（千円）／広告宣伝費,件数,～５万円,～１０万円,～５０万円,～１００万円,～５００万円,５００万円超,無回答,平均,最小値,最大値,実数合計,
0057  -0-0000,集計条件,問１経営者司法書士について…経営者司法書士,
0057  -0-0000,0,合計,2557,427,187,313,72,48,3,1507,332.7,1,77000,349338,
0057  -0-0000,0,,100.0,16.7,7.3,12.2,2.8,1.9,0.1,58.9,332.7,1,77000,100.0,
 
0058  -0-0000,表題,問１５ＳＱ－Ｂ　③経費合計の内容（千円）／接待交際費,件数,～５万円,～１０万円,～５０万円,～１００万円,～５００万円,５００万円超,無回答,平均,最小値,最大値,実数合計,
0058  -0-0000,集計条件,問１経営者司法書士について…経営者司法書士,
0058  -0-0000,0,合計,2557,195,176,637,312,279,14,944,681.4,1,20708,1099056,
0058  -0-0000,0,,100.0,7.6,6.9,24.9,12.2,10.9,0.5,36.9,681.4,1,20708,100.0,
 
0059  -0-0000,表題,問１５ＳＱ－Ｃ　③経費合計の内容（千円）／給料賃金,件数,～５万円,～１０万円,～５０万円,～１００万円,～５００万円,５００万円超,無回答,平均,最小値,最大値,実数合計,
0059  -0-0000,集計条件,問１経営者司法書士について…経営者司法書士,
0059  -0-0000,0,合計,2557,10,7,42,108,461,392,1537,7247.5,2,220000,7392468,
0059  -0-0000,0,,100.0,0.4,0.3,1.6,4.2,18.0,15.3,60.1,7247.5,2,220000,100.0,
 
0060  -0-0000,表題,問１５ＳＱ－Ｄ　③経費合計の内容（千円）／地代家賃,件数,～５万円,～１０万円,～５０万円,～１００万円,～５００万円,５００万円超,無回答,平均,最小値,最大値,実数合計,
0060  -0-0000,集計条件,問１経営者司法書士について…経営者司法書士,
0060  -0-0000,0,合計,2557,23,27,226,371,436,19,1455,1212.7,1,15600,1336373,
0060  -0-0000,0,,100.0,0.9,1.1,8.8,14.5,17.1,0.7,56.9,1212.7,1,15600,100.0,
 
0061  -0-0000,表題,問１５ＳＱ－Ｅ　③経費合計の内容（千円）／図書研究費,件数,～５万円,～１０万円,～５０万円,～１００万円,～５００万円,５００万円超,無回答,平均,最小値,最大値,実数合計,
0061  -0-0000,集計条件,問１経営者司法書士について…経営者司法書士,
0061  -0-0000,0,合計,2557,331,318,687,120,44,7,1050,301.7,1,18000,454612,
0061  -0-0000,0,,100.0,12.9,12.4,26.9,4.7,1.7,0.3,41.1,301.7,1,18000,100.0,
 
0062  -0-0000,表題,問１６Ａ①　司法書士での売上（千円）／司法書士としての収入計　　　　　　　　　　　　　　　　　　　　　　　　,件数,～５０万円,～１００万円,～５００万円,～１０００万円,～２０００万円,２０００万円超,無回答,平均,最小値,最大値,実数合計,
0062  -0-0000,集計条件,問１経営者司法書士について…経営者司法書士,
0062  -0-0000,0,合計,2557,63,35,417,453,440,403,746,15487.4,1,330000,28047680,
0062  -0-0000,0,,100.0,2.5,1.4,16.3,17.7,17.2,15.8,29.2,15487.4,1,330000,100.0,
 
0063  -0-0000,表題,問１６Ａ②　司法書士での売上（千円）／不動産の登記,件数,～５０万円,～１００万円,～５００万円,～１０００万円,～２０００万円,２０００万円超,無回答,平均,最小値,最大値,実数合計,
0063  -0-0000,集計条件,問１経営者司法書士について…経営者司法書士,
0063  -0-0000,0,合計,2557,95,90,491,332,265,201,1083,10897.3,1,145000,16062633,
0063  -0-0000,0,,100.0,3.7,3.5,19.2,13.0,10.4,7.9,42.4,10897.3,1,145000,100.0,
 
0064  -0-0000,表題,問１６Ａ③　司法書士での売上（千円）／商業又は法人の登記　　　　　　　　　　　　　　　　　　　　　　　　　　,件数,～５０万円,～１００万円,～５００万円,～１０００万円,～２０００万円,２０００万円超,無回答,平均,最小値,最大値,実数合計,
0064  -0-0000,集計条件,問１経営者司法書士について…経営者司法書士,
0064  -0-0000,0,合計,2557,443,257,501,102,32,15,1207,2482.9,10,92796,3351957,
0064  -0-0000,0,,100.0,17.3,10.1,19.6,4.0,1.3,0.6,47.2,2482.9,10,92796,100.0,
 
0065  -0-0000,表題,問１６Ａ④　司法書士での売上（千円）／債権譲渡・動産譲渡の登記　　　　　　　　　　　　　　　　　　　　　　　,件数,～５０万円,～１００万円,～５００万円,～１０００万円,～２０００万円,２０００万円超,無回答,平均,最小値,最大値,実数合計,
0065  -0-0000,集計条件,問１経営者司法書士について…経営者司法書士,
0065  -0-0000,0,合計,2557,103,15,4,0,0,0,2435,325.5,23,2500,39713,
0065  -0-0000,0,,100.0,4.0,0.6,0.2,0,0,0,95.2,325.5,23,2500,100.0,
 
0066  -0-0000,表題,問１６Ａ⑤　司法書士での売上（千円）／裁判書類作成関係業務（民事事件）　　　　　　　　　　　　　　　　　　　,件数,～５０万円,～１００万円,～５００万円,～１０００万円,～２０００万円,２０００万円超,無回答,平均,最小値,最大値,実数合計,
0066  -0-0000,集計条件,問１経営者司法書士について…経営者司法書士,
0066  -0-0000,0,合計,2557,234,34,21,1,0,0,2267,450.8,5,10000,130746,
0066  -0-0000,0,,100.0,9.2,1.3,0.8,0.0,0,0,88.7,450.8,5,10000,100.0,
 
0067  -0-0000,表題,問１６Ａ⑥　司法書士での売上（千円）／裁判書類作成関係業務（家事事件）　　　　　　　　　　　　　　　　　　　,件数,～５０万円,～１００万円,～５００万円,～１０００万円,～２０００万円,２０００万円超,無回答,平均,最小値,最大値,実数合計,
0067  -0-0000,集計条件,問１経営者司法書士について…経営者司法書士,
0067  -0-0000,0,合計,2557,518,70,28,1,0,0,1940,361.7,10,7700,223193,
0067  -0-0000,0,,100.0,20.3,2.7,1.1,0.0,0,0,75.9,361.7,10,7700,100.0,
 
0068  -0-0000,表題,問１６Ａ⑦　司法書士での売上（千円）／簡裁訴訟代理業務・裁判外和解手続業務　　　　　　　　　　　　　　　　　,件数,～５０万円,～１００万円,～５００万円,～１０００万円,～２０００万円,２０００万円超,無回答,平均,最小値,最大値,実数合計,
0068  -0-0000,集計条件,問１経営者司法書士について…経営者司法書士,
0068  -0-0000,0,合計,2557,211,32,27,2,0,1,2284,964.5,8,108780,263309,
0068  -0-0000,0,,100.0,8.3,1.3,1.1,0.1,0,0.0,89.3,964.5,8,108780,100.0,
 
0069  -0-0000,表題,問１６Ａ⑧　司法書士での売上（千円）／成年後見・未成年後見・任意後見等の業務　　　　　　　　　　　　　　　　,件数,～５０万円,～１００万円,～５００万円,～１０００万円,～２０００万円,２０００万円超,無回答,平均,最小値,最大値,実数合計,
0069  -0-0000,集計条件,問１経営者司法書士について…経営者司法書士,
0069  -0-0000,0,合計,2557,133,123,297,75,9,3,1917,2678.1,30,70000,1713964,
0069  -0-0000,0,,100.0,5.2,4.8,11.6,2.9,0.4,0.1,75.0,2678.1,30,70000,100.0,
 
0070  -0-0000,表題,問１６Ａ⑨　司法書士での売上（千円）／財産管理・遺産承継・信託等の業務　　　　　　　　　　　　　　　　　　　,件数,～５０万円,～１００万円,～５００万円,～１０００万円,～２０００万円,２０００万円超,無回答,平均,最小値,最大値,実数合計,
0070  -0-0000,集計条件,問１経営者司法書士について…経営者司法書士,
0070  -0-0000,0,合計,2557,180,69,129,23,5,2,2149,1771.9,10,25000,722927,
0070  -0-0000,0,,100.0,7.0,2.7,5.0,0.9,0.2,0.1,84.0,1771.9,10,25000,100.0,
 
0071  -0-0000,表題,問１６Ａ⑩　司法書士での売上（千円）／継続的相談・個別的相談　　　　　　　　　　　　　　　　　　　　　　　　,件数,～５０万円,～１００万円,～５００万円,～１０００万円,～２０００万円,２０００万円超,無回答,平均,最小値,最大値,実数合計,
0071  -0-0000,集計条件,問１経営者司法書士について…経営者司法書士,
0071  -0-0000,0,合計,2557,306,30,9,3,0,0,2209,258.0,1,7700,89779,
0071  -0-0000,0,,100.0,12.0,1.2,0.4,0.1,0,0,86.4,258.0,1,7700,100.0,
 
0072  -0-0000,表題,問１６Ａ⑪　司法書士での売上（千円）／その他の業務,件数,～５０万円,～１００万円,～５００万円,～１０００万円,～２０００万円,２０００万円超,無回答,平均,最小値,最大値,実数合計,
0072  -0-0000,集計条件,問１経営者司法書士について…経営者司法書士,
0072  -0-0000,0,合計,2557,382,82,166,100,84,69,1674,6171.2,1,322400,5449173,
0072  -0-0000,0,,100.0,14.9,3.2,6.5,3.9,3.3,2.7,65.5,6171.2,1,322400,100.0,
 
0073  -0-0000,表題,問１６Ｂ①　司法書士以外での売上（千円）／司法書士以外での収入計　　　　　　　　　　　　　　　　　　　　　　,件数,～５０万円,～１００万円,～５００万円,～１０００万円,～２０００万円,２０００万円超,無回答,平均,最小値,最大値,実数合計,
0073  -0-0000,集計条件,問１経営者司法書士について…経営者司法書士,
0073  -0-0000,0,合計,2557,221,133,393,75,54,32,1649,4572.2,1,269000,4151577,
0073  -0-0000,0,,100.0,8.6,5.2,15.4,2.9,2.1,1.3,64.5,4572.2,1,269000,100.0,
 
0074  -0-0000,表題,問１６Ｂ②　司法書士以外での売上（千円）／他士業（土地家屋調査士、行政書士等）としての所得　　　　　　　　　,件数,～５０万円,～１００万円,～５００万円,～１０００万円,～２０００万円,２０００万円超,無回答,平均,最小値,最大値,実数合計,
0074  -0-0000,集計条件,問１経営者司法書士について…経営者司法書士,
0074  -0-0000,0,合計,2557,105,57,121,31,26,16,2201,4578.1,1,170000,1629813,
0074  -0-0000,0,,100.0,4.1,2.2,4.7,1.2,1.0,0.6,86.1,4578.1,1,170000,100.0,
 
0075  -0-0000,表題,問１６Ｂ③　司法書士以外での売上（千円）／他士業（土地家屋調査士、行政書士等）の事務所の事務員としての所得　,件数,～５０万円,～１００万円,～５００万円,～１０００万円,～２０００万円,２０００万円超,無回答,平均,最小値,最大値,実数合計,
0075  -0-0000,集計条件,問１経営者司法書士について…経営者司法書士,
0075  -0-0000,0,合計,2557,9,3,12,3,0,2,2528,6379.9,1,85000,185018,
0075  -0-0000,0,,100.0,0.4,0.1,0.5,0.1,0,0.1,98.9,6379.9,1,85000,100.0,
 
0076  -0-0000,表題,問１６Ｂ④　司法書士以外での売上（千円）／会社員としての所得　　　　　　　　　　　　　　　　　　　　　　　　,件数,～５０万円,～１００万円,～５００万円,～１０００万円,～２０００万円,２０００万円超,無回答,平均,最小値,最大値,実数合計,
0076  -0-0000,集計条件,問１経営者司法書士について…経営者司法書士,
0076  -0-0000,0,合計,2557,7,16,32,4,2,1,2495,2815.0,4,36000,174531,
0076  -0-0000,0,,100.0,0.3,0.6,1.3,0.2,0.1,0.0,97.6,2815.0,4,36000,100.0,
 
0077  -0-0000,表題,問１６Ｂ⑤　司法書士以外での売上（千円）／公務員（調停委員等）としての所得　　　　　　　　　　　　　　　　　,件数,～５０万円,～１００万円,～５００万円,～１０００万円,～２０００万円,２０００万円超,無回答,平均,最小値,最大値,実数合計,
0077  -0-0000,集計条件,問１経営者司法書士について…経営者司法書士,
0077  -0-0000,0,合計,2557,101,16,9,1,0,0,2430,431.5,8,5621,54803,
0077  -0-0000,0,,100.0,3.9,0.6,0.4,0.0,0,0,95.0,431.5,8,5621,100.0,
 
0078  -0-0000,表題,問１６Ｂ⑥　司法書士以外での売上（千円）／教職員（専門学校・予備校等）としての所得　　　　　　　　　　　　　,件数,～５０万円,～１００万円,～５００万円,～１０００万円,～２０００万円,２０００万円超,無回答,平均,最小値,最大値,実数合計,
0078  -0-0000,集計条件,問１経営者司法書士について…経営者司法書士,
0078  -0-0000,0,合計,2557,6,1,1,0,0,0,2549,803.8,50,4461,6430,
0078  -0-0000,0,,100.0,0.2,0.0,0.0,0,0,0,99.7,803.8,50,4461,100.0,
 
0079  -0-0000,表題,問１６Ｂ⑦　司法書士以外での売上（千円）／士業以外の自営業（会社経営・農業等）としての所得　　　　　　　　　,件数,～５０万円,～１００万円,～５００万円,～１０００万円,～２０００万円,２０００万円超,無回答,平均,最小値,最大値,実数合計,
0079  -0-0000,集計条件,問１経営者司法書士について…経営者司法書士,
0079  -0-0000,0,合計,2557,27,15,43,12,9,6,2445,4800.0,57,50696,537598,
0079  -0-0000,0,,100.0,1.1,0.6,1.7,0.5,0.4,0.2,95.6,4800.0,57,50696,100.0,
 
0080  -0-0000,表題,問１６Ｂ⑧　司法書士以外での売上（千円）／アルバイトによる所得　　　　　　　　　　　　　　　　　　　　　　　,件数,～５０万円,～１００万円,～５００万円,～１０００万円,～２０００万円,２０００万円超,無回答,平均,最小値,最大値,実数合計,
0080  -0-0000,集計条件,問１経営者司法書士について…経営者司法書士,
0080  -0-0000,0,合計,2557,15,7,9,0,0,0,2526,795.3,10,3550,24653,
0080  -0-0000,0,,100.0,0.6,0.3,0.4,0,0,0,98.8,795.3,10,3550,100.0,
 
0081  -0-0000,表題,問１６Ｂ⑨　司法書士以外での売上（千円）／その他の所得,件数,～５０万円,～１００万円,～５００万円,～１０００万円,～２０００万円,２０００万円超,無回答,平均,最小値,最大値,実数合計,
0081  -0-0000,集計条件,問１経営者司法書士について…経営者司法書士,
0081  -0-0000,0,合計,2557,125,78,214,26,15,4,2095,3330.5,1,269000,1538704,
0081  -0-0000,0,,100.0,4.9,3.1,8.4,1.0,0.6,0.2,81.9,3330.5,1,269000,100.0,
 
0082  -0-0000,表題,問１７　事務所の広告又は情報提供について〔複数回答可〕,件数,新聞・雑誌,電話帳,事務所報,母校や出身地の機関紙,テレビ・ラジオ,電車・バス内の広告、駅のポスター,事務所のホームページ・ブログ・ＳＮＳ,司法書士としての個人のホームページ・ブログ・ＳＮＳ,その他,広告や情報提供は行っていない,無回答,
0082  -0-0000,集計条件,問１経営者司法書士について…経営者司法書士,
0082  -0-0000,0,合計,2557,211,555,23,105,18,51,639,188,223,1185,91,
0082  -0-0000,0,,100.0,8.3,21.7,0.9,4.1,0.7,2.0,25.0,7.4,8.7,46.3,3.6,
 
0083  -0-0000,表題,問１８　昨年の年収,件数,０円,１００万円未満,１００～２００万円未満,２００～３００万円未満,３００～４００万円未満,４００～５００万円未満,５００～６００万円未満,６００～７００万円未満,７００～８００万円未満,８００～９００万円未満,９００～１０００万円未満,１０００～２０００万円未満,２０００～４０００万円未満,４０００～７０００万円未満,７０００万～１億円未満,１億円以上,無回答,
0083  -0-0000,集計条件,問１経営者司法書士について…経営者司法書士ではない,
0083  -0-0000,0,合計,624,10,16,42,71,131,114,94,51,22,18,19,15,2,1,0,0,18,
0083  -0-0000,0,,100.0,1.6,2.6,6.7,11.4,21.0,18.3,15.1,8.2,3.5,2.9,3.0,2.4,0.3,0.2,0,0,2.9,
 
0084  -0-0000,表題,問１９　賞与額,件数,賞与の支給はない,１５万円未満,１５～３０万円未満,３０～５０万円未満,５０～７０万円未満,７０～９０万円未満,９０万円以上,無回答,
0084  -0-0000,集計条件,問１経営者司法書士について…経営者司法書士ではない,
0084  -0-0000,0,合計,624,249,48,48,82,63,44,72,18,
0084  -0-0000,0,,100.0,39.9,7.7,7.7,13.1,10.1,7.1,11.5,2.9,
 
0085  -0-0000,表題,問２０①　年収の内訳（千円）／司法書士としての所得,件数,～５０万円,～１００万円,～５００万円,～１０００万円,～２０００万円,２０００万円超,無回答,平均,最小値,最大値,実数合計,
0085  -0-0000,集計条件,問１経営者司法書士について…経営者司法書士ではない,
0085  -0-0000,0,合計,624,13,13,344,135,6,2,111,4503.2,40,45000,2310155,
0085  -0-0000,0,,100.0,2.1,2.1,55.1,21.6,1.0,0.3,17.8,4503.2,40,45000,100.0,
 
0086  -0-0000,表題,問２０②　年収の内訳（千円）／他士業（土地家屋調査士、行政書士等）としての所得　　　　　　　　　　　　　　　,件数,～５０万円,～１００万円,～５００万円,～１０００万円,～２０００万円,２０００万円超,無回答,平均,最小値,最大値,実数合計,
0086  -0-0000,集計条件,問１経営者司法書士について…経営者司法書士ではない,
0086  -0-0000,0,合計,624,10,6,7,2,0,0,599,1374.0,250,6000,34350,
0086  -0-0000,0,,100.0,1.6,1.0,1.1,0.3,0,0,96.0,1374.0,250,6000,100.0,
 
0087  -0-0000,表題,問２０③　年収の内訳（千円）／他士業（土地家屋調査士、行政書士等）の事務所の事務員としての所得　　　　　　　,件数,～５０万円,～１００万円,～５００万円,～１０００万円,～２０００万円,２０００万円超,無回答,平均,最小値,最大値,実数合計,
0087  -0-0000,集計条件,問１経営者司法書士について…経営者司法書士ではない,
0087  -0-0000,0,合計,624,1,1,2,1,0,0,619,3888.0,500,10000,19440,
0087  -0-0000,0,,100.0,0.2,0.2,0.3,0.2,0,0,99.2,3888.0,500,10000,100.0,
 
0088  -0-0000,表題,問２０④　年収の内訳（千円）／会社員としての所得,件数,～５０万円,～１００万円,～５００万円,～１０００万円,～２０００万円,２０００万円超,無回答,平均,最小値,最大値,実数合計,
0088  -0-0000,集計条件,問１経営者司法書士について…経営者司法書士ではない,
0088  -0-0000,0,合計,624,1,1,16,5,0,0,601,3871.0,450,10000,89034,
0088  -0-0000,0,,100.0,0.2,0.2,2.6,0.8,0,0,96.3,3871.0,450,10000,100.0,
 
0089  -0-0000,表題,問２０⑤　年収の内訳（千円）／公務員（調停委員等）としての所得　　　　　　　　　　　　　　　　　　　　　　　,件数,～５０万円,～１００万円,～５００万円,～１０００万円,～２０００万円,２０００万円超,無回答,平均,最小値,最大値,実数合計,
0089  -0-0000,集計条件,問１経営者司法書士について…経営者司法書士ではない,
0089  -0-0000,0,合計,624,5,6,3,5,0,0,605,2673.2,100,10000,50790,
0089  -0-0000,0,,100.0,0.8,1.0,0.5,0.8,0,0,97.0,2673.2,100,10000,100.0,
 
0090  -0-0000,表題,問２０⑥　年収の内訳（千円）／教職員（専門学校・予備校等）としての所得　　　　　　　　　　　　　　　　　　　,件数,～５０万円,～１００万円,～５００万円,～１０００万円,～２０００万円,２０００万円超,無回答,平均,最小値,最大値,実数合計,
0090  -0-0000,集計条件,問１経営者司法書士について…経営者司法書士ではない,
0090  -0-0000,0,合計,624,0,0,0,0,0,0,624,0,,,0,
0090  -0-0000,0,,100.0,0,0,0,0,0,0,100.0,0,,,0,
 
0091  -0-0000,表題,問２０⑦　年収の内訳（千円）／士業以外の自営業（会社経営・農業等）としての所得　　　　　　　　　　　　　　　,件数,～５０万円,～１００万円,～５００万円,～１０００万円,～２０００万円,２０００万円超,無回答,平均,最小値,最大値,実数合計,
0091  -0-0000,集計条件,問１経営者司法書士について…経営者司法書士ではない,
0091  -0-0000,0,合計,624,3,6,3,2,1,0,609,2964.7,40,18000,44470,
0091  -0-0000,0,,100.0,0.5,1.0,0.5,0.3,0.2,0,97.6,2964.7,40,18000,100.0,
 
0092  -0-0000,表題,問２０⑧　年収の内訳（千円）／アルバイトによる所得,件数,～５０万円,～１００万円,～５００万円,～１０００万円,～２０００万円,２０００万円超,無回答,平均,最小値,最大値,実数合計,
0092  -0-0000,集計条件,問１経営者司法書士について…経営者司法書士ではない,
0092  -0-0000,0,合計,624,4,6,8,0,0,0,606,1016.7,100,2000,18300,
0092  -0-0000,0,,100.0,0.6,1.0,1.3,0,0,0,97.1,1016.7,100,2000,100.0,
 
0093  -0-0000,表題,問２０⑨　年収の内訳（千円）／その他の所得,件数,～５０万円,～１００万円,～５００万円,～１０００万円,～２０００万円,２０００万円超,無回答,平均,最小値,最大値,実数合計,
0093  -0-0000,集計条件,問１経営者司法書士について…経営者司法書士ではない,
0093  -0-0000,0,合計,624,11,13,324,116,4,2,154,4369.7,20,35000,2053771,
0093  -0-0000,0,,100.0,1.8,2.1,51.9,18.6,0.6,0.3,24.7,4369.7,20,35000,100.0,
 
0094  -0-0000,表題,問２１①　司法書士を志望した動機／社会的地位が高い,件数,強く当てはまる,やや当てはまる,どちらともいえない,あまり当てはまらない,全く当てはまらない,わからない,無回答,平均,最小値,最大値,実数合計,
0094  -0-0000,0,合計,3181,220,1360,720,436,216,82,147,3.32,1,5,9788,
0094  -0-0000,0,,100.0,6.9,42.8,22.6,13.7,6.8,2.6,4.6,3.32,1,5,100.0,
 
0095  -0-0000,表題,問２１②　司法書士を志望した動機／経済的に恵まれる,件数,強く当てはまる,やや当てはまる,どちらともいえない,あまり当てはまらない,全く当てはまらない,わからない,無回答,平均,最小値,最大値,実数合計,
0095  -0-0000,0,合計,3181,237,1272,874,430,181,57,130,3.32,1,5,9936,
0095  -0-0000,0,,100.0,7.5,40.0,27.5,13.5,5.7,1.8,4.1,3.32,1,5,100.0,
 
0096  -0-0000,表題,問２１③　司法書士を志望した動機／社会的に責任のある仕事ができる　　　　　　　　　　　　　　　　　　　　　　,件数,強く当てはまる,やや当てはまる,どちらともいえない,あまり当てはまらない,全く当てはまらない,わからない,無回答,平均,最小値,最大値,実数合計,
0096  -0-0000,0,合計,3181,584,1665,472,182,100,50,128,3.82,1,5,11460,
0096  -0-0000,0,,100.0,18.4,52.3,14.8,5.7,3.1,1.6,4.0,3.82,1,5,100.0,
 
0097  -0-0000,表題,問２１④　司法書士を志望した動機／社会的弱者や少数者のために仕事ができる　　　　　　　　　　　　　　　　　　,件数,強く当てはまる,やや当てはまる,どちらともいえない,あまり当てはまらない,全く当てはまらない,わからない,無回答,平均,最小値,最大値,実数合計,
0097  -0-0000,0,合計,3181,320,1122,864,451,195,76,153,3.31,1,5,9777,
0097  -0-0000,0,,100.0,10.1,35.3,27.2,14.2,6.1,2.4,4.8,3.31,1,5,100.0,
 
0098  -0-0000,表題,問２１⑤　司法書士を志望した動機／他から干渉されずに自由で独立した仕事ができる　　　　　　　　　　　　　　　,件数,強く当てはまる,やや当てはまる,どちらともいえない,あまり当てはまらない,全く当てはまらない,わからない,無回答,平均,最小値,最大値,実数合計,
0098  -0-0000,0,合計,3181,1070,1312,406,173,75,29,116,4.03,1,5,12237,
0098  -0-0000,0,,100.0,33.6,41.2,12.8,5.4,2.4,0.9,3.6,4.03,1,5,100.0,
 
0099  -0-0000,表題,問２１⑥　司法書士を志望した動機／専門性の高い仕事ができる　　　　　　　　　　　　　　　　　　　　　　　　　,件数,強く当てはまる,やや当てはまる,どちらともいえない,あまり当てはまらない,全く当てはまらない,わからない,無回答,平均,最小値,最大値,実数合計,
0099  -0-0000,0,合計,3181,1131,1442,307,98,50,29,124,4.16,1,5,12590,
0099  -0-0000,0,,100.0,35.6,45.3,9.7,3.1,1.6,0.9,3.9,4.16,1,5,100.0,
 
0100  -0-0000,表題,問２１⑦　司法書士を志望した動機／男性も女性も平等に仕事ができる　　　　　　　　　　　　　　　　　　　　　　,件数,強く当てはまる,やや当てはまる,どちらともいえない,あまり当てはまらない,全く当てはまらない,わからない,無回答,平均,最小値,最大値,実数合計,
0100  -0-0000,0,合計,3181,423,749,913,387,426,130,153,3.12,1,5,9050,
0100  -0-0000,0,,100.0,13.3,23.5,28.7,12.2,13.4,4.1,4.8,3.12,1,5,100.0,
 
0101  -0-0000,表題,問２１⑧　司法書士を志望した動機／自分の労働時間を管理できる　　　　　　　　　　　　　　　　　　　　　　　　,件数,強く当てはまる,やや当てはまる,どちらともいえない,あまり当てはまらない,全く当てはまらない,わからない,無回答,平均,最小値,最大値,実数合計,
0101  -0-0000,0,合計,3181,752,1225,574,303,163,38,126,3.70,1,5,11151,
0101  -0-0000,0,,100.0,23.6,38.5,18.0,9.5,5.1,1.2,4.0,3.70,1,5,100.0,
 
0102  -0-0000,表題,問２１⑨　司法書士を志望した動機／社会全般にわたって、幅広く活躍できる　　　　　　　　　　　　　　　　　　　,件数,強く当てはまる,やや当てはまる,どちらともいえない,あまり当てはまらない,全く当てはまらない,わからない,無回答,平均,最小値,最大値,実数合計,
0102  -0-0000,0,合計,3181,264,995,995,455,234,87,151,3.20,1,5,9429,
0102  -0-0000,0,,100.0,8.3,31.3,31.3,14.3,7.4,2.7,4.7,3.20,1,5,100.0,
 
0103  -0-0000,表題,問２１⑩　司法書士を志望した動機／司法試験に合格しなかった　　　　　　　　　　　　　　　　　　　　　　　　　,件数,強く当てはまる,やや当てはまる,どちらともいえない,あまり当てはまらない,全く当てはまらない,わからない,無回答,平均,最小値,最大値,実数合計,
0103  -0-0000,0,合計,3181,150,158,126,119,2348,108,172,1.50,1,5,4346,
0103  -0-0000,0,,100.0,4.7,5.0,4.0,3.7,73.8,3.4,5.4,1.50,1,5,100.0,
 
0104  -0-0000,表題,問２１⑪　司法書士を志望した動機／企業や団体などでの勤務に不満があった　　　　　　　　　　　　　　　　　　　,件数,強く当てはまる,やや当てはまる,どちらともいえない,あまり当てはまらない,全く当てはまらない,わからない,無回答,平均,最小値,最大値,実数合計,
0104  -0-0000,0,合計,3181,280,564,391,322,1336,115,173,2.35,1,5,6809,
0104  -0-0000,0,,100.0,8.8,17.7,12.3,10.1,42.0,3.6,5.4,2.35,1,5,100.0,
 
0105  -0-0000,表題,問２１⑫　司法書士を志望した動機／明確な理由は存在しなかった　　　　　　　　　　　　　　　　　　　　　　　　,件数,強く当てはまる,やや当てはまる,どちらともいえない,あまり当てはまらない,全く当てはまらない,わからない,無回答,平均,最小値,最大値,実数合計,
0105  -0-0000,0,合計,3181,131,315,491,494,1398,164,188,2.04,1,5,5774,
0105  -0-0000,0,,100.0,4.1,9.9,15.4,15.5,43.9,5.2,5.9,2.04,1,5,100.0,
 
0106  -0-0000,表題,問２２　司法書士の資格を取得してから最初に登録するまでの期間　　　　　　　　　　　　　　　　　　　　　　　　,件数,１年未満,１～３年未満,３～５年未満,５年以上,無回答,
0106  -0-0000,0,合計,3181,1962,824,182,162,51,
0106  -0-0000,0,,100.0,61.7,25.9,5.7,5.1,1.6,
 
0107  -0-0000,表題,問２３　司法書士登録をする直前の主たる職業〔複数回答可〕　　　　　　　　　　　　　　　　　　　　　　　　　　,件数,司法書士補助者,法律事務所の事務員,他の専門職（土地家屋調査士、行政書士等）,会社員,公務員,教職員（専門学校・予備校等）,士業以外の自営業,アルバイト,その他,就いていなかった,無回答,
0107  -0-0000,0,合計,3181,1036,128,103,843,482,31,87,481,133,309,35,
0107  -0-0000,0,,100.0,32.6,4.0,3.2,26.5,15.2,1.0,2.7,15.1,4.2,9.7,1.1,
 
0108  -0-0000,表題,問２４①　現在の状況／社会的地位が高い,件数,非常に満足,やや満足,どちらともいえない,やや不満,非常に不満,わからない,無回答,平均,最小値,最大値,実数合計,
0108  -0-0000,0,合計,3181,193,1313,1208,155,68,143,101,3.48,1,5,10219,
0108  -0-0000,0,,100.0,6.1,41.3,38.0,4.9,2.1,4.5,3.2,3.48,1,5,100.0,
 
0109  -0-0000,表題,問２４②　現在の状況／経済的に恵まれる,件数,非常に満足,やや満足,どちらともいえない,やや不満,非常に不満,わからない,無回答,平均,最小値,最大値,実数合計,
0109  -0-0000,0,合計,3181,194,1080,963,516,272,63,93,3.13,1,5,9483,
0109  -0-0000,0,,100.0,6.1,34.0,30.3,16.2,8.6,2.0,2.9,3.13,1,5,100.0,
 
0110  -0-0000,表題,問２４③　現在の状況／社会的に責任のある仕事ができる,件数,非常に満足,やや満足,どちらともいえない,やや不満,非常に不満,わからない,無回答,平均,最小値,最大値,実数合計,
0110  -0-0000,0,合計,3181,432,1710,751,98,24,77,89,3.81,1,5,11473,
0110  -0-0000,0,,100.0,13.6,53.8,23.6,3.1,0.8,2.4,2.8,3.81,1,5,100.0,
 
0111  -0-0000,表題,問２４④　現在の状況／社会的弱者や少数者のために仕事ができる　　　　　　　　　　　　　　　　　　　　　　　　,件数,非常に満足,やや満足,どちらともいえない,やや不満,非常に不満,わからない,無回答,平均,最小値,最大値,実数合計,
0111  -0-0000,0,合計,3181,266,1121,1317,146,43,182,106,3.49,1,5,10100,
0111  -0-0000,0,,100.0,8.4,35.2,41.4,4.6,1.4,5.7,3.3,3.49,1,5,100.0,
 
0112  -0-0000,表題,問２４⑤　現在の状況／他から干渉されずに自由で独立した仕事ができる　　　　　　　　　　　　　　　　　　　　　,件数,非常に満足,やや満足,どちらともいえない,やや不満,非常に不満,わからない,無回答,平均,最小値,最大値,実数合計,
0112  -0-0000,0,合計,3181,770,1328,635,225,88,49,86,3.81,1,5,11605,
0112  -0-0000,0,,100.0,24.2,41.7,20.0,7.1,2.8,1.5,2.7,3.81,1,5,100.0,
 
0113  -0-0000,表題,問２４⑥　現在の状況／専門性の高い仕事ができる,件数,非常に満足,やや満足,どちらともいえない,やや不満,非常に不満,わからない,無回答,平均,最小値,最大値,実数合計,
0113  -0-0000,0,合計,3181,749,1671,546,63,17,41,94,4.01,1,5,12210,
0113  -0-0000,0,,100.0,23.5,52.5,17.2,2.0,0.5,1.3,3.0,4.01,1,5,100.0,
 
0114  -0-0000,表題,問２４⑦　現在の状況／男性も女性も平等に仕事ができる,件数,非常に満足,やや満足,どちらともいえない,やや不満,非常に不満,わからない,無回答,平均,最小値,最大値,実数合計,
0114  -0-0000,0,合計,3181,410,928,1352,50,25,304,112,3.60,1,5,9943,
0114  -0-0000,0,,100.0,12.9,29.2,42.5,1.6,0.8,9.6,3.5,3.60,1,5,100.0,
 
0115  -0-0000,表題,問２４⑧　現在の状況／自分の労働時間を管理できる,件数,非常に満足,やや満足,どちらともいえない,やや不満,非常に不満,わからない,無回答,平均,最小値,最大値,実数合計,
0115  -0-0000,0,合計,3181,704,1261,647,293,134,53,89,3.69,1,5,11225,
0115  -0-0000,0,,100.0,22.1,39.6,20.3,9.2,4.2,1.7,2.8,3.69,1,5,100.0,
 
0116  -0-0000,表題,問２４⑨　現在の状況／社会全般にわたって、幅広く活躍できる　　　　　　　　　　　　　　　　　　　　　　　　　,件数,非常に満足,やや満足,どちらともいえない,やや不満,非常に不満,わからない,無回答,平均,最小値,最大値,実数合計,
0116  -0-0000,0,合計,3181,244,1063,1394,169,54,155,102,3.44,1,5,10046,
0116  -0-0000,0,,100.0,7.7,33.4,43.8,5.3,1.7,4.9,3.2,3.44,1,5,100.0,
 
0117  -0-0000,表題,問２５①　１０年前との比較／登記事件（不動産・商業法人）が少なくなった　　　　　　　　　　　　　　　　　　　,件数,非常にそう思う,どちらかといえばそう思う,どちらともいえない,どちらかといえばそう思わない,全くそう思わない,わからない,無回答,平均,最小値,最大値,実数合計,
0117  -0-0000,0,合計,3181,918,791,598,277,324,199,74,3.59,1,5,10426,
0117  -0-0000,0,,100.0,28.9,24.9,18.8,8.7,10.2,6.3,2.3,3.59,1,5,100.0,
 
0118  -0-0000,表題,問２５②　１０年前との比較／主として取り扱う業務の内容に変化があった　　　　　　　　　　　　　　　　　　　　,件数,非常にそう思う,どちらかといえばそう思う,どちらともいえない,どちらかといえばそう思わない,全くそう思わない,わからない,無回答,平均,最小値,最大値,実数合計,
0118  -0-0000,0,合計,3181,530,958,776,340,306,154,117,3.37,1,5,9796,
0118  -0-0000,0,,100.0,16.7,30.1,24.4,10.7,9.6,4.8,3.7,3.37,1,5,100.0,
 
0119  -0-0000,表題,問２５③　１０年前との比較／依頼者や顧客先が減った,件数,非常にそう思う,どちらかといえばそう思う,どちらともいえない,どちらかといえばそう思わない,全くそう思わない,わからない,無回答,平均,最小値,最大値,実数合計,
0119  -0-0000,0,合計,3181,464,682,824,435,512,176,88,3.05,1,5,8902,
0119  -0-0000,0,,100.0,14.6,21.4,25.9,13.7,16.1,5.5,2.8,3.05,1,5,100.0,
 
0120  -0-0000,表題,問２５④　１０年前との比較／依頼者や顧客の要求が厳しくなった　　　　　　　　　　　　　　　　　　　　　　　　,件数,非常にそう思う,どちらかといえばそう思う,どちらともいえない,どちらかといえばそう思わない,全くそう思わない,わからない,無回答,平均,最小値,最大値,実数合計,
0120  -0-0000,0,合計,3181,216,687,1114,486,406,161,111,2.94,1,5,8548,
0120  -0-0000,0,,100.0,6.8,21.6,35.0,15.3,12.8,5.1,3.5,2.94,1,5,100.0,
 
0121  -0-0000,表題,問２５⑤　１０年前との比較／他の司法書士との間で顧客獲得競争が厳しくなった　　　　　　　　　　　　　　　　　,件数,非常にそう思う,どちらかといえばそう思う,どちらともいえない,どちらかといえばそう思わない,全くそう思わない,わからない,無回答,平均,最小値,最大値,実数合計,
0121  -0-0000,0,合計,3181,315,762,937,397,428,240,102,3.05,1,5,8656,
0121  -0-0000,0,,100.0,9.9,24.0,29.5,12.5,13.5,7.5,3.2,3.05,1,5,100.0,
 
0122  -0-0000,表題,問２５⑥　１０年前との比較／弁護士等の専門職や企業内専門部署との間で顧客獲得競争が厳しくなった　　　　　　　,件数,非常にそう思う,どちらかといえばそう思う,どちらともいえない,どちらかといえばそう思わない,全くそう思わない,わからない,無回答,平均,最小値,最大値,実数合計,
0122  -0-0000,0,合計,3181,125,454,1092,518,570,310,112,2.65,1,5,7323,
0122  -0-0000,0,,100.0,3.9,14.3,34.3,16.3,17.9,9.7,3.5,2.65,1,5,100.0,
 
0123  -0-0000,表題,問２５⑦　１０年前との比較／司法書士としての経済状況が悪化した　　　　　　　　　　　　　　　　　　　　　　　,件数,非常にそう思う,どちらかといえばそう思う,どちらともいえない,どちらかといえばそう思わない,全くそう思わない,わからない,無回答,平均,最小値,最大値,実数合計,
0123  -0-0000,0,合計,3181,379,732,878,450,475,171,96,3.03,1,5,8832,
0123  -0-0000,0,,100.0,11.9,23.0,27.6,14.1,14.9,5.4,3.0,3.03,1,5,100.0,
 
0124  -0-0000,表題,問２５⑧　１０年前との比較／会務に関わるようになった,件数,非常にそう思う,どちらかといえばそう思う,どちらともいえない,どちらかといえばそう思わない,全くそう思わない,わからない,無回答,平均,最小値,最大値,実数合計,
0124  -0-0000,0,合計,3181,280,499,759,472,853,185,133,2.61,1,5,7470,
0124  -0-0000,0,,100.0,8.8,15.7,23.9,14.8,26.8,5.8,4.2,2.61,1,5,100.0,
 
0125  -0-0000,表題,問２５⑨　１０年前との比較／公益活動に関わるようになった　　　　　　　　　　　　　　　　　　　　　　　　　　,件数,非常にそう思う,どちらかといえばそう思う,どちらともいえない,どちらかといえばそう思わない,全くそう思わない,わからない,無回答,平均,最小値,最大値,実数合計,
0125  -0-0000,0,合計,3181,171,604,913,484,708,174,127,2.67,1,5,7686,
0125  -0-0000,0,,100.0,5.4,19.0,28.7,15.2,22.3,5.5,4.0,2.67,1,5,100.0,
 
0126  -0-0000,表題,問２５⑩　１０年前との比較／地域に根差した活動ができるようになった　　　　　　　　　　　　　　　　　　　　　,件数,非常にそう思う,どちらかといえばそう思う,どちらともいえない,どちらかといえばそう思わない,全くそう思わない,わからない,無回答,平均,最小値,最大値,実数合計,
0126  -0-0000,0,合計,3181,196,726,996,416,539,188,120,2.87,1,5,8243,
0126  -0-0000,0,,100.0,6.2,22.8,31.3,13.1,16.9,5.9,3.8,2.87,1,5,100.0,
 
0127  -0-0000,表題,問２６①　業務の競合／他の司法書士,件数,全般的に競合を感じる,分野によって競合を感じる,競合を感じることはない,無回答,平均,最小値,最大値,実数合計,
0127  -0-0000,0,合計,3181,1397,945,746,93,2.21,1,3,6827,
0127  -0-0000,0,,100.0,43.9,29.7,23.5,2.9,2.21,1,3,100.0,
 
0128  -0-0000,表題,問２６②　業務の競合／弁護士,件数,全般的に競合を感じる,分野によって競合を感じる,競合を感じることはない,無回答,平均,最小値,最大値,実数合計,
0128  -0-0000,0,合計,3181,98,1122,1834,127,1.43,1,3,4372,
0128  -0-0000,0,,100.0,3.1,35.3,57.7,4.0,1.43,1,3,100.0,
 
0129  -0-0000,表題,問２６③　業務の競合／行政書士,件数,全般的に競合を感じる,分野によって競合を感じる,競合を感じることはない,無回答,平均,最小値,最大値,実数合計,
0129  -0-0000,0,合計,3181,318,1641,1121,101,1.74,1,3,5357,
0129  -0-0000,0,,100.0,10.0,51.6,35.2,3.2,1.74,1,3,100.0,
 
0130  -0-0000,表題,問２６④　業務の競合／税理士,件数,全般的に競合を感じる,分野によって競合を感じる,競合を感じることはない,無回答,平均,最小値,最大値,実数合計,
0130  -0-0000,0,合計,3181,62,782,2202,135,1.30,1,3,3952,
0130  -0-0000,0,,100.0,1.9,24.6,69.2,4.2,1.30,1,3,100.0,
 
0131  -0-0000,表題,問２６⑤　業務の競合／社会保険労務士,件数,全般的に競合を感じる,分野によって競合を感じる,競合を感じることはない,無回答,平均,最小値,最大値,実数合計,
0131  -0-0000,0,合計,3181,11,146,2882,142,1.06,1,3,3207,
0131  -0-0000,0,,100.0,0.3,4.6,90.6,4.5,1.06,1,3,100.0,
 
0132  -0-0000,表題,問２６⑥　業務の競合／企業の法務部,件数,全般的に競合を感じる,分野によって競合を感じる,競合を感じることはない,無回答,平均,最小値,最大値,実数合計,
0132  -0-0000,0,合計,3181,49,425,2563,144,1.17,1,3,3560,
0132  -0-0000,0,,100.0,1.5,13.4,80.6,4.5,1.17,1,3,100.0,
 
0133  -0-0000,表題,問２６⑦　業務の競合／コンサルタント,件数,全般的に競合を感じる,分野によって競合を感じる,競合を感じることはない,無回答,平均,最小値,最大値,実数合計,
0133  -0-0000,0,合計,3181,83,595,2362,141,1.25,1,3,3801,
0133  -0-0000,0,,100.0,2.6,18.7,74.3,4.4,1.25,1,3,100.0,
 
0134  -0-0000,表題,問２６⑧　業務の競合／ＩＴ企業（ＡＩ含む）,件数,全般的に競合を感じる,分野によって競合を感じる,競合を感じることはない,無回答,平均,最小値,最大値,実数合計,
0134  -0-0000,0,合計,3181,89,418,2526,148,1.20,1,3,3629,
0134  -0-0000,0,,100.0,2.8,13.1,79.4,4.7,1.20,1,3,100.0,
 
0135  -0-0000,表題,問２６⑨　業務の競合／その他,件数,全般的に競合を感じる,分野によって競合を感じる,競合を感じることはない,無回答,平均,最小値,最大値,実数合計,
0135  -0-0000,0,合計,3181,37,321,2398,425,1.14,1,3,3151,
0135  -0-0000,0,,100.0,1.2,10.1,75.4,13.4,1.14,1,3,100.0,
 
0136  -0-0000,表題,問２７①　ストレスや不安／業務の負担の重さ,件数,非常に感じる,やや感じる,どちらともいえない,あまり感じない,全く感じない,わからない,無回答,平均,最小値,最大値,実数合計,
0136  -0-0000,0,合計,3181,478,1372,462,645,124,22,78,3.47,1,5,10678,
0136  -0-0000,0,,100.0,15.0,43.1,14.5,20.3,3.9,0.7,2.5,3.47,1,5,100.0,
 
0137  -0-0000,表題,問２７②　ストレスや不安／業務への適性,件数,非常に感じる,やや感じる,どちらともいえない,あまり感じない,全く感じない,わからない,無回答,平均,最小値,最大値,実数合計,
0137  -0-0000,0,合計,3181,145,815,865,926,301,31,98,2.86,1,5,8733,
0137  -0-0000,0,,100.0,4.6,25.6,27.2,29.1,9.5,1.0,3.1,2.86,1,5,100.0,
 
0138  -0-0000,表題,問２７③　ストレスや不安／収入・経営,件数,非常に感じる,やや感じる,どちらともいえない,あまり感じない,全く感じない,わからない,無回答,平均,最小値,最大値,実数合計,
0138  -0-0000,0,合計,3181,517,1115,654,616,179,26,74,3.38,1,5,10418,
0138  -0-0000,0,,100.0,16.3,35.1,20.6,19.4,5.6,0.8,2.3,3.38,1,5,100.0,
 
0139  -0-0000,表題,問２７④　ストレスや不安／業務獲得・開拓,件数,非常に感じる,やや感じる,どちらともいえない,あまり感じない,全く感じない,わからない,無回答,平均,最小値,最大値,実数合計,
0139  -0-0000,0,合計,3181,418,979,711,698,224,57,94,3.22,1,5,9759,
0139  -0-0000,0,,100.0,13.1,30.8,22.4,21.9,7.0,1.8,3.0,3.22,1,5,100.0,
 
0140  -0-0000,表題,問２７⑤　ストレスや不安／依頼者との関係,件数,非常に感じる,やや感じる,どちらともいえない,あまり感じない,全く感じない,わからない,無回答,平均,最小値,最大値,実数合計,
0140  -0-0000,0,合計,3181,199,934,810,920,191,28,99,3.01,1,5,9192,
0140  -0-0000,0,,100.0,6.3,29.4,25.5,28.9,6.0,0.9,3.1,3.01,1,5,100.0,
 
0141  -0-0000,表題,問２７⑥　ストレスや不安／事務所内の人間関係,件数,非常に感じる,やや感じる,どちらともいえない,あまり感じない,全く感じない,わからない,無回答,平均,最小値,最大値,実数合計,
0141  -0-0000,0,合計,3181,95,319,479,741,1272,149,126,2.04,1,5,5942,
0141  -0-0000,0,,100.0,3.0,10.0,15.1,23.3,40.0,4.7,4.0,2.04,1,5,100.0,
 
0142  -0-0000,表題,問２７⑦　ストレスや不安／司法書士会の会務,件数,非常に感じる,やや感じる,どちらともいえない,あまり感じない,全く感じない,わからない,無回答,平均,最小値,最大値,実数合計,
0142  -0-0000,0,合計,3181,209,509,716,778,573,292,104,2.64,1,5,7358,
0142  -0-0000,0,,100.0,6.6,16.0,22.5,24.5,18.0,9.2,3.3,2.64,1,5,100.0,
 
0143  -0-0000,表題,問２７⑧　ストレスや不安／懲戒、苦情,件数,非常に感じる,やや感じる,どちらともいえない,あまり感じない,全く感じない,わからない,無回答,平均,最小値,最大値,実数合計,
0143  -0-0000,0,合計,3181,143,478,717,876,679,186,102,2.49,1,5,7209,
0143  -0-0000,0,,100.0,4.5,15.0,22.5,27.5,21.3,5.8,3.2,2.49,1,5,100.0,
 
0144  -0-0000,表題,問２７⑨　ストレスや不安／業務上の地域住民・団体との関係性　　　　　　　　　　　　　　　　　　　　　　　　　,件数,非常に感じる,やや感じる,どちらともいえない,あまり感じない,全く感じない,わからない,無回答,平均,最小値,最大値,実数合計,
0144  -0-0000,0,合計,3181,29,229,784,1037,805,193,104,2.18,1,5,6292,
0144  -0-0000,0,,100.0,0.9,7.2,24.6,32.6,25.3,6.1,3.3,2.18,1,5,100.0,
 
0145  -0-0000,表題,問２７⑩　ストレスや不安／私生活、家族関係,件数,非常に感じる,やや感じる,どちらともいえない,あまり感じない,全く感じない,わからない,無回答,平均,最小値,最大値,実数合計,
0145  -0-0000,0,合計,3181,93,384,689,978,869,71,97,2.29,1,5,6893,
0145  -0-0000,0,,100.0,2.9,12.1,21.7,30.7,27.3,2.2,3.0,2.29,1,5,100.0,
 
0146  -0-0000,表題,問２８　司法書士としてのトラブルの相手〔複数回答可〕,件数,個人クライアント,企業クライアント,司法書士,弁護士,行政書士,司法書士会,弁護士会,その他,無回答,
0146  -0-0000,0,合計,3181,1138,141,112,71,49,48,11,531,1367,
0146  -0-0000,0,,100.0,35.8,4.4,3.5,2.2,1.5,1.5,0.3,16.7,43.0,
 
0147  -0-0000,表題,問２９　司法書士としての職業生活について,件数,非常に満足,やや満足,どちらともいえない,やや不満,非常に不満,わからない,無回答,
0147  -0-0000,0,合計,3181,493,1555,681,283,81,49,39,
0147  -0-0000,0,,100.0,15.5,48.9,21.4,8.9,2.5,1.5,1.2,
 
0148  -0-0000,表題,問３０　司法書士資格の展望,件数,展望は非常に明るい,展望はやや明るい,どちらともいえない,展望はやや暗い,展望は非常に暗い,わからない,無回答,
0148  -0-0000,0,合計,3181,78,383,1228,959,340,161,32,
0148  -0-0000,0,,100.0,2.5,12.0,38.6,30.1,10.7,5.1,1.0,
 
0149  -0-0000,表題,問３１　この１０年間での司法書士会の役員・委員経験〔複数回答可〕　　　　　　　　　　　　　　　　　　　　　　,件数,司法書士会執行部,司法書士会部員・委員,支部役員,日司連執行部,日司連部委員・委員・室委員,ブロック会執行部,ブロック会委員,関連団体執行部,いずれも該当するものはない,無回答,
0149  -0-0000,0,合計,3181,492,1002,966,14,154,84,158,644,1384,78,
0149  -0-0000,0,,100.0,15.5,31.5,30.4,0.4,4.8,2.6,5.0,20.2,43.5,2.5,
 
0150  -0-0000,表題,問３２　この１０年間での国・地方自治体の委員の就任〔複数回答可〕　　　　　　　　　　　　　　　　　　　　　　,件数,裁判所の調停委員・参与委員,裁判所の司法委員,国の委員会・審議会の委員,地方自治体の委員会・審議会の委員,首長,国会議員・地方議会議員,その他,そのような役職に就任したことはない,無回答,
0150  -0-0000,0,合計,3181,336,99,27,469,2,16,167,2158,166,
0150  -0-0000,0,,100.0,10.6,3.1,0.8,14.7,0.1,0.5,5.2,67.8,5.2,
 
0151  -0-0000,表題,Ｆ５　所属会,件数,札幌会,函館会,旭川会,釧路会,宮城県会,福島県会,山形県会,岩手県会,秋田県会,青森県会,東京会,神奈川県会,埼玉会,千葉会,茨城会,栃木県会,群馬会,静岡県会,山梨県会,長野県会,新潟県会,愛知県会,三重県会,岐阜県会,福井県会,石川県会,富山県会,大阪会,京都会,兵庫県会,奈良県会,滋賀県会,和歌山県会,広島会,山口県会,岡山県会,鳥取県会,島根県会,香川県会,徳島県会,高知県会,愛媛県会,福岡県会,佐賀県会,長崎県会,大分県会,熊本県会,鹿児島県会,宮崎県会,沖縄県会,不明,無回答,
0151  -0-0000,0,合計,3181,80,8,12,15,50,54,32,38,16,16,491,183,119,115,55,30,51,90,24,60,38,173,41,60,22,30,32,271,50,136,23,39,15,75,39,60,18,13,21,19,15,22,133,24,33,29,42,59,26,36,2,46,
0151  -0-0000,0,,100.0,2.5,0.3,0.4,0.5,1.6,1.7,1.0,1.2,0.5,0.5,15.4,5.8,3.7,3.6,1.7,0.9,1.6,2.8,0.8,1.9,1.2,5.4,1.3,1.9,0.7,0.9,1.0,8.5,1.6,4.3,0.7,1.2,0.5,2.4,1.2,1.9,0.6,0.4,0.7,0.6,0.5,0.7,4.2,0.8,1.0,0.9,1.3,1.9,0.8,1.1,0.1,1.4,
